<ImportExportXml version="9.2.26012.155" SolutionPackageVersion="9.2" languagecode="1033" generatedBy="CrmLive" xmlns:xsi="http://www.w3.org/2001/XMLSchema-instance" OrganizationVersion="9.2.26012.155" OrganizationSchemaType="Full" CRMServerServiceabilityVersion="9.2.26012.00156">
  <SolutionManifest>
    <UniqueName>AIDispositionCode</UniqueName>
    <LocalizedNames>
      <LocalizedName description="AI Disposition Code" languagecode="1033" />
    </LocalizedNames>
    <Descriptions />
    <Version>1.0.0.2</Version>
    <Managed>0</Managed>
    <Publisher>
      <UniqueName>CCaaSFDE</UniqueName>
      <LocalizedNames>
        <LocalizedName description="CCaaSFDE" languagecode="1033" />
      </LocalizedNames>
      <Descriptions />
      <EMailAddress xsi:nil="true"></EMailAddress>
      <SupportingWebsiteUrl xsi:nil="true"></SupportingWebsiteUrl>
      <CustomizationPrefix>ccaasfde</CustomizationPrefix>
      <CustomizationOptionValuePrefix>35716</CustomizationOptionValuePrefix>
      <Addresses>
        <Address>
          <AddressNumber>1</AddressNumber>
          <AddressTypeCode>1</AddressTypeCode>
          <City xsi:nil="true"></City>
          <County xsi:nil="true"></County>
          <Country xsi:nil="true"></Country>
          <Fax xsi:nil="true"></Fax>
          <FreightTermsCode xsi:nil="true"></FreightTermsCode>
          <ImportSequenceNumber xsi:nil="true"></ImportSequenceNumber>
          <Latitude xsi:nil="true"></Latitude>
          <Line1 xsi:nil="true"></Line1>
          <Line2 xsi:nil="true"></Line2>
          <Line3 xsi:nil="true"></Line3>
          <Longitude xsi:nil="true"></Longitude>
          <Name xsi:nil="true"></Name>
          <PostalCode xsi:nil="true"></PostalCode>
          <PostOfficeBox xsi:nil="true"></PostOfficeBox>
          <PrimaryContactName xsi:nil="true"></PrimaryContactName>
          <ShippingMethodCode>1</ShippingMethodCode>
          <StateOrProvince xsi:nil="true"></StateOrProvince>
          <Telephone1 xsi:nil="true"></Telephone1>
          <Telephone2 xsi:nil="true"></Telephone2>
          <Telephone3 xsi:nil="true"></Telephone3>
          <TimeZoneRuleVersionNumber xsi:nil="true"></TimeZoneRuleVersionNumber>
          <UPSZone xsi:nil="true"></UPSZone>
          <UTCOffset xsi:nil="true"></UTCOffset>
          <UTCConversionTimeZoneCode xsi:nil="true"></UTCConversionTimeZoneCode>
        </Address>
        <Address>
          <AddressNumber>2</AddressNumber>
          <AddressTypeCode>1</AddressTypeCode>
          <City xsi:nil="true"></City>
          <County xsi:nil="true"></County>
          <Country xsi:nil="true"></Country>
          <Fax xsi:nil="true"></Fax>
          <FreightTermsCode xsi:nil="true"></FreightTermsCode>
          <ImportSequenceNumber xsi:nil="true"></ImportSequenceNumber>
          <Latitude xsi:nil="true"></Latitude>
          <Line1 xsi:nil="true"></Line1>
          <Line2 xsi:nil="true"></Line2>
          <Line3 xsi:nil="true"></Line3>
          <Longitude xsi:nil="true"></Longitude>
          <Name xsi:nil="true"></Name>
          <PostalCode xsi:nil="true"></PostalCode>
          <PostOfficeBox xsi:nil="true"></PostOfficeBox>
          <PrimaryContactName xsi:nil="true"></PrimaryContactName>
          <ShippingMethodCode>1</ShippingMethodCode>
          <StateOrProvince xsi:nil="true"></StateOrProvince>
          <Telephone1 xsi:nil="true"></Telephone1>
          <Telephone2 xsi:nil="true"></Telephone2>
          <Telephone3 xsi:nil="true"></Telephone3>
          <TimeZoneRuleVersionNumber xsi:nil="true"></TimeZoneRuleVersionNumber>
          <UPSZone xsi:nil="true"></UPSZone>
          <UTCOffset xsi:nil="true"></UTCOffset>
          <UTCConversionTimeZoneCode xsi:nil="true"></UTCConversionTimeZoneCode>
        </Address>
      </Addresses>
    </Publisher>
    <RootComponents>
      <RootComponent type="1" schemaName="msdyn_ocliveworkitem" behavior="1" />
      <RootComponent type="29" id="{ea73f750-74dd-f011-8543-000d3a3007f4}" behavior="0" />
      <RootComponent type="61" schemaName="ccaasfde_dispositioncodeformhandler" behavior="0" />
      <RootComponent type="80" schemaName="msdyn_CustomerServiceWorkspace" behavior="0" />
      <RootComponent type="300" schemaName="ccaasfde_dispositionrecommendation_d051d" behavior="0" />
      <RootComponent type="401" id="{98737408-057e-42a8-bbcd-12134a4c64e0}" behavior="0" />
    </RootComponents>
    <MissingDependencies>
      <MissingDependency>
        <Required type="1" schemaName="cr603_cbabbcasedemo" displayName="CBA BB Case demo" solution="Active" />
        <Dependent type="80" schemaName="msdyn_CustomerServiceWorkspace" displayName="Customer Service workspace" />
      </MissingDependency>
      <MissingDependency>
        <Required type="1" schemaName="cr603_deceasedestatecaseflow" displayName="Deceased Estate Case Flow" solution="Active" />
        <Dependent type="80" schemaName="msdyn_CustomerServiceWorkspace" displayName="Customer Service workspace" />
      </MissingDependency>
      <MissingDependency>
        <Required type="1" schemaName="cr603_deceasedestatecasemetadata" displayName="Deceased Estate Case Metadata" solution="Active" />
        <Dependent type="80" schemaName="msdyn_CustomerServiceWorkspace" displayName="Customer Service workspace" />
      </MissingDependency>
      <MissingDependency>
        <Required type="1" schemaName="cr603_demobusinessprocessflow" displayName="DemoBusinessProcessFlow" solution="Active" />
        <Dependent type="80" schemaName="msdyn_CustomerServiceWorkspace" displayName="Customer Service workspace" />
      </MissingDependency>
      <MissingDependency>
        <Required type="1" schemaName="cr603_sharetransfercaseflow" displayName="Share Transfer Case Flow" solution="Active" />
        <Dependent type="80" schemaName="msdyn_CustomerServiceWorkspace" displayName="Customer Service workspace" />
      </MissingDependency>
      <MissingDependency>
        <Required type="1" schemaName="incident" displayName="Case" solution="msdynce_Service (9.0.5.56)">
          <package appName="msdynce_Service" version="9.0.25124.1002">msdynce_ServiceAnchor (9.0.25124.1002)</package>
        </Required>
        <Dependent type="80" schemaName="msdyn_CustomerServiceWorkspace" displayName="Customer Service workspace" />
      </MissingDependency>
      <MissingDependency>
        <Required type="1" schemaName="msdyn_agreement" displayName="Agreement" solution="FieldService (8.8.0.88)">
          <package appName="Field Service" version="8.8.136.190">FieldService_Anchor (8.8.136.190)</package>
          <package appName="Dynamics 365 for Field Service" version="8.8.138.61">FieldService_Anchor (8.8.138.61)</package>
        </Required>
        <Dependent type="80" schemaName="msdyn_CustomerServiceWorkspace" displayName="Customer Service workspace" />
      </MissingDependency>
      <MissingDependency>
        <Required type="1" schemaName="msdyn_agreementbookingsetup" displayName="Agreement Booking Setup" solution="FieldService (8.8.0.88)">
          <package appName="Field Service" version="8.8.136.190">FieldService_Anchor (8.8.136.190)</package>
          <package appName="Dynamics 365 for Field Service" version="8.8.138.61">FieldService_Anchor (8.8.138.61)</package>
        </Required>
        <Dependent type="80" schemaName="msdyn_CustomerServiceWorkspace" displayName="Customer Service workspace" />
      </MissingDependency>
      <MissingDependency>
        <Required type="1" schemaName="msdyn_agreementinvoicesetup" displayName="Agreement Invoice Setup" solution="FieldService (8.8.0.88)">
          <package appName="Field Service" version="8.8.136.190">FieldService_Anchor (8.8.136.190)</package>
          <package appName="Dynamics 365 for Field Service" version="8.8.138.61">FieldService_Anchor (8.8.138.61)</package>
        </Required>
        <Dependent type="80" schemaName="msdyn_CustomerServiceWorkspace" displayName="Customer Service workspace" />
      </MissingDependency>
      <MissingDependency>
        <Required type="1" schemaName="msdyn_bpf_baa0a411a239410cb8bded8b5fdd88e3" displayName="Agreement Business Process" solution="FieldService (8.8.0.88)">
          <package appName="Field Service" version="8.8.136.190">FieldService_Anchor (8.8.136.190)</package>
          <package appName="Dynamics 365 for Field Service" version="8.8.138.61">FieldService_Anchor (8.8.138.61)</package>
        </Required>
        <Dependent type="80" schemaName="msdyn_CustomerServiceWorkspace" displayName="Customer Service workspace" />
      </MissingDependency>
      <MissingDependency>
        <Required type="1" schemaName="msdyn_conversationdispositioncodemap" displayName="Conversation disposition code map" solution="msdyn_ChannelExperienceApp (1.0.25124.1014)">
          <package appName="ChannelExperienceApps" version="1.0.25042.1013">msdyn_ChannelExperienceAppsAnchor (1.0.25042.1013)</package>
          <package appName="Dynamics 365 ChannelExperienceApps" version="1.0.25044.1019">msdyn_ChannelExperienceAppsAnchor (1.0.25044.1019)</package>
        </Required>
        <Dependent type="300" schemaName="ccaasfde_dispositionrecommendation_d051d" displayName="Disposition Recommendation" />
      </MissingDependency>
      <MissingDependency>
        <Required type="1" schemaName="msdyn_conversationinsight" displayName="ConversationInsight" solution="msdyn_ConversationInsight (9.0.25124.1002)">
          <package appName="UnifiedRoutingPrime" version="1.5.27.155">UnifiedRoutingPrimeAnchor (1.5.27.155)</package>
          <package appName="CustomerServiceAnalytics" version="9.0.24124.1001">msdyn_CustomerServiceAnalyticsAnchor (9.0.24124.1001)</package>
          <package appName="Dynamics 365 Customer Service Analytics" version="9.0.25044.1002">msdyn_CustomerServiceAnalyticsAnchor (9.0.25044.1002)</package>
        </Required>
        <Dependent type="29" displayName="Disposition Recommender" id="{ea73f750-74dd-f011-8543-000d3a3007f4}" />
      </MissingDependency>
      <MissingDependency>
        <Required type="1" schemaName="msdyn_customerasset" displayName="Customer Asset" solution="msdyn_AssetCommon (1.0.50.99)">
          <package appName="msdynce_Service" version="9.0.25124.1002">msdynce_ServiceAnchor (9.0.25124.1002)</package>
          <package appName="Field Service" version="8.8.136.190">FieldService_Anchor (8.8.136.190)</package>
          <package appName="Dynamics 365 for Field Service" version="8.8.138.61">FieldService_Anchor (8.8.138.61)</package>
        </Required>
        <Dependent type="80" schemaName="msdyn_CustomerServiceWorkspace" displayName="Customer Service workspace" />
      </MissingDependency>
      <MissingDependency>
        <Required type="1" schemaName="msdyn_dataanalyticsreport_copilot" displayName="Copilot Analytics" solution="msdyn_AnalyticsForCopilot (9.0.25124.1002)">
          <package appName="CustomerServiceAnalytics" version="9.0.24124.1001">msdyn_CustomerServiceAnalyticsAnchor (9.0.24124.1001)</package>
          <package appName="Dynamics 365 Customer Service Analytics" version="9.0.25044.1002">msdyn_CustomerServiceAnalyticsAnchor (9.0.25044.1002)</package>
        </Required>
        <Dependent type="80" schemaName="msdyn_CustomerServiceWorkspace" displayName="Customer Service workspace" />
      </MissingDependency>
      <MissingDependency>
        <Required type="1" schemaName="msdyn_dataanalyticsreport_csrmanager" displayName="Customer Service historical analytics" solution="msdyn_AnalyticsForCS (9.0.25124.1002)">
          <package appName="CustomerServiceAnalytics" version="9.0.24124.1001">msdyn_CustomerServiceAnalyticsAnchor (9.0.24124.1001)</package>
          <package appName="Dynamics 365 Customer Service Analytics" version="9.0.25044.1002">msdyn_CustomerServiceAnalyticsAnchor (9.0.25044.1002)</package>
        </Required>
        <Dependent type="80" schemaName="msdyn_CustomerServiceWorkspace" displayName="Customer Service workspace" />
      </MissingDependency>
      <MissingDependency>
        <Required type="1" schemaName="msdyn_dataanalyticsreport_email" displayName="Email analytics" solution="msdyn_AnalyticsForCS (9.0.25124.1002)">
          <package appName="CustomerServiceAnalytics" version="9.0.24124.1001">msdyn_CustomerServiceAnalyticsAnchor (9.0.24124.1001)</package>
          <package appName="Dynamics 365 Customer Service Analytics" version="9.0.25044.1002">msdyn_CustomerServiceAnalyticsAnchor (9.0.25044.1002)</package>
        </Required>
        <Dependent type="80" schemaName="msdyn_CustomerServiceWorkspace" displayName="Customer Service workspace" />
      </MissingDependency>
      <MissingDependency>
        <Required type="1" schemaName="msdyn_dataanalyticsreport_forecast" displayName="Forecast" solution="msdyn_AnalyticsForCS (9.0.25124.1002)">
          <package appName="CustomerServiceAnalytics" version="9.0.24124.1001">msdyn_CustomerServiceAnalyticsAnchor (9.0.24124.1001)</package>
          <package appName="Dynamics 365 Customer Service Analytics" version="9.0.25044.1002">msdyn_CustomerServiceAnalyticsAnchor (9.0.25044.1002)</package>
        </Required>
        <Dependent type="80" schemaName="msdyn_CustomerServiceWorkspace" displayName="Customer Service workspace" />
      </MissingDependency>
      <MissingDependency>
        <Required type="1" schemaName="msdyn_dataanalyticsreport_ksinsights" displayName="Knowledge analytics" solution="msdyn_AnalyticsForCS (9.0.25124.1002)">
          <package appName="CustomerServiceAnalytics" version="9.0.24124.1001">msdyn_CustomerServiceAnalyticsAnchor (9.0.24124.1001)</package>
          <package appName="Dynamics 365 Customer Service Analytics" version="9.0.25044.1002">msdyn_CustomerServiceAnalyticsAnchor (9.0.25044.1002)</package>
        </Required>
        <Dependent type="80" schemaName="msdyn_CustomerServiceWorkspace" displayName="Customer Service workspace" />
      </MissingDependency>
      <MissingDependency>
        <Required type="1" schemaName="msdyn_dataanalyticsreport_mc" displayName="Model Customization analytics" solution="msdyn_AnalyticsForCS (9.0.25124.1002)">
          <package appName="CustomerServiceAnalytics" version="9.0.24124.1001">msdyn_CustomerServiceAnalyticsAnchor (9.0.24124.1001)</package>
          <package appName="Dynamics 365 Customer Service Analytics" version="9.0.25044.1002">msdyn_CustomerServiceAnalyticsAnchor (9.0.25044.1002)</package>
        </Required>
        <Dependent type="80" schemaName="msdyn_CustomerServiceWorkspace" displayName="Customer Service workspace" />
      </MissingDependency>
      <MissingDependency>
        <Required type="1" schemaName="msdyn_dataanalyticsreport_oc" displayName="Omnichannel historical analytics" solution="msdyn_DataInsightsAndAnalyticsForOC (9.0.25124.1002)">
          <package appName="CustomerServiceAnalytics" version="9.0.24124.1001">msdyn_CustomerServiceAnalyticsAnchor (9.0.24124.1001)</package>
          <package appName="Dynamics 365 Customer Service Analytics" version="9.0.25044.1002">msdyn_CustomerServiceAnalyticsAnchor (9.0.25044.1002)</package>
        </Required>
        <Dependent type="80" schemaName="msdyn_CustomerServiceWorkspace" displayName="Customer Service workspace" />
      </MissingDependency>
      <MissingDependency>
        <Required type="1" schemaName="msdyn_dataanalyticsreport_oc_rt" displayName="Omnichannel Realtime analytics" solution="msdyn_DataInsightsAndAnalyticsForOC (9.0.25124.1002)">
          <package appName="CustomerServiceAnalytics" version="9.0.24124.1001">msdyn_CustomerServiceAnalyticsAnchor (9.0.24124.1001)</package>
          <package appName="Dynamics 365 Customer Service Analytics" version="9.0.25044.1002">msdyn_CustomerServiceAnalyticsAnchor (9.0.25044.1002)</package>
        </Required>
        <Dependent type="80" schemaName="msdyn_CustomerServiceWorkspace" displayName="Customer Service workspace" />
      </MissingDependency>
      <MissingDependency>
        <Required type="1" schemaName="msdyn_dataanalyticsreport_ur_recordrouting_rt" displayName="Real-time analytics for record routing" solution="msdyn_AnalyticsForCS (9.0.25124.1002)">
          <package appName="CustomerServiceAnalytics" version="9.0.24124.1001">msdyn_CustomerServiceAnalyticsAnchor (9.0.24124.1001)</package>
          <package appName="Dynamics 365 Customer Service Analytics" version="9.0.25044.1002">msdyn_CustomerServiceAnalyticsAnchor (9.0.25044.1002)</package>
        </Required>
        <Dependent type="80" schemaName="msdyn_CustomerServiceWorkspace" displayName="Customer Service workspace" />
      </MissingDependency>
      <MissingDependency>
        <Required type="1" schemaName="msdyn_evaluation" displayName="Evaluation" solution="msdyn_QMS (1.0.25124.1041)">
          <package appName="QMS" version="1.0.25124.1041">msdyn_QMSAnchor (1.0.25124.1041)</package>
        </Required>
        <Dependent type="80" schemaName="msdyn_CustomerServiceWorkspace" displayName="Customer Service workspace" />
      </MissingDependency>
      <MissingDependency>
        <Required type="1" schemaName="msdyn_evaluationcriteria" displayName="Evaluation criteria" solution="msdyn_QMS (1.0.25124.1041)">
          <package appName="QMS" version="1.0.25124.1041">msdyn_QMSAnchor (1.0.25124.1041)</package>
        </Required>
        <Dependent type="80" schemaName="msdyn_CustomerServiceWorkspace" displayName="Customer Service workspace" />
      </MissingDependency>
      <MissingDependency>
        <Required type="1" schemaName="msdyn_evaluationplan" displayName="Evaluation Plan" solution="msdyn_QMS (1.0.25124.1041)">
          <package appName="QMS" version="1.0.25124.1041">msdyn_QMSAnchor (1.0.25124.1041)</package>
        </Required>
        <Dependent type="80" schemaName="msdyn_CustomerServiceWorkspace" displayName="Customer Service workspace" />
      </MissingDependency>
      <MissingDependency>
        <Required type="1" schemaName="msdyn_iotalert" displayName="IoT Alert" solution="IoTConnector (1.8.53.0)">
          <package appName="msdynce_Service" version="9.0.25124.1002">msdynce_ServiceAnchor (9.0.25124.1002)</package>
          <package appName="Field Service" version="8.8.136.190">FieldService_Anchor (8.8.136.190)</package>
          <package appName="Dynamics 365 for Field Service" version="8.8.138.61">FieldService_Anchor (8.8.138.61)</package>
        </Required>
        <Dependent type="80" schemaName="msdyn_CustomerServiceWorkspace" displayName="Customer Service workspace" />
      </MissingDependency>
      <MissingDependency>
        <Required type="1" schemaName="msdyn_ocdispositioncode" displayName="OC Disposition Code" solution="msdyn_ChannelExperienceApp (1.0.25124.1014)">
          <package appName="ChannelExperienceApps" version="1.0.25042.1013">msdyn_ChannelExperienceAppsAnchor (1.0.25042.1013)</package>
          <package appName="Dynamics 365 ChannelExperienceApps" version="1.0.25044.1019">msdyn_ChannelExperienceAppsAnchor (1.0.25044.1019)</package>
        </Required>
        <Dependent type="300" schemaName="ccaasfde_dispositionrecommendation_d051d" displayName="Disposition Recommendation" />
      </MissingDependency>
      <MissingDependency>
        <Required type="1" schemaName="msdyn_ocliveworkitem" displayName="Conversation" solution="OmnichannelBase (1.10.0.124)">
          <package appName="UnifiedRoutingPrime" version="1.5.27.155">UnifiedRoutingPrimeAnchor (1.5.27.155)</package>
        </Required>
        <Dependent type="1" schemaName="msdyn_ocliveworkitem" displayName="Conversation" />
      </MissingDependency>
      <MissingDependency>
        <Required type="1" schemaName="msdyn_swarm" displayName="Swarm" solution="msdyn_Swarming (9.0.25124.2012)">
          <package appName="ServiceExtended" version="9.0.25124.2012">msdyn_ServiceExtendedAnchor (9.0.25124.2012)</package>
        </Required>
        <Dependent type="80" schemaName="msdyn_CustomerServiceWorkspace" displayName="Customer Service workspace" />
      </MissingDependency>
      <MissingDependency>
        <Required type="1" schemaName="msdyn_usersetting" displayName="User settings" solution="OmnichannelBase (1.10.0.124)">
          <package appName="UnifiedRoutingPrime" version="1.5.27.155">UnifiedRoutingPrimeAnchor (1.5.27.155)</package>
        </Required>
        <Dependent type="80" schemaName="msdyn_CustomerServiceWorkspace" displayName="Customer Service workspace" />
      </MissingDependency>
      <MissingDependency>
        <Required type="1" schemaName="phonetocaseprocess" displayName="Phone To Case Process" solution="msdynce_Service (9.0.5.56)">
          <package appName="msdynce_Service" version="9.0.25124.1002">msdynce_ServiceAnchor (9.0.25124.1002)</package>
        </Required>
        <Dependent type="80" schemaName="msdyn_CustomerServiceWorkspace" displayName="Customer Service workspace" />
      </MissingDependency>
      <MissingDependency>
        <Required type="1" schemaName="serviceappointment" displayName="Service Activity" solution="msdynce_Service (9.0.5.56)">
          <package appName="msdynce_Service" version="9.0.25124.1002">msdynce_ServiceAnchor (9.0.25124.1002)</package>
        </Required>
        <Dependent type="80" schemaName="msdyn_CustomerServiceWorkspace" displayName="Customer Service workspace" />
      </MissingDependency>
      <MissingDependency>
        <Required type="10" schemaName="msdyn_queue_msdyn_ocliveworkitem_queueid" displayName="msdyn_queue_msdyn_ocliveworkitem_queueid" parentSchemaName="queue" parentDisplayName="Queue" solution="OmnichannelBase (1.10.0.124)">
          <package appName="UnifiedRoutingPrime" version="1.5.27.155">UnifiedRoutingPrimeAnchor (1.5.27.155)</package>
        </Required>
        <Dependent type="60" displayName="Active Conversation" parentDisplayName="Conversation" id="{5fe86453-73ea-4821-b6dd-ddc06e1755a1}" />
      </MissingDependency>
      <MissingDependency>
        <Required type="2" schemaName="msdyn_cdsqueueid" displayName="Queue" parentSchemaName="msdyn_ocliveworkitem" parentDisplayName="Conversation" solution="OmnichannelBase (1.10.0.124)">
          <package appName="UnifiedRoutingPrime" version="1.5.27.155">UnifiedRoutingPrimeAnchor (1.5.27.155)</package>
        </Required>
        <Dependent type="60" displayName="Active Conversation" parentDisplayName="Conversation" id="{5fe86453-73ea-4821-b6dd-ddc06e1755a1}" />
      </MissingDependency>
      <MissingDependency>
        <Required type="2" schemaName="msdyn_channel" displayName="Channel" parentSchemaName="msdyn_ocliveworkitem" parentDisplayName="Conversation" solution="OmnichannelBase (1.10.0.124)">
          <package appName="UnifiedRoutingPrime" version="1.5.27.155">UnifiedRoutingPrimeAnchor (1.5.27.155)</package>
        </Required>
        <Dependent type="60" displayName="Active Conversation" parentDisplayName="Conversation" id="{5fe86453-73ea-4821-b6dd-ddc06e1755a1}" />
      </MissingDependency>
      <MissingDependency>
        <Required type="2" schemaName="msdyn_conversationsummaryfield" displayName="Conversation summary field" parentSchemaName="msdyn_ocliveworkitem" parentDisplayName="Conversation" solution="OmnichannelBase (1.10.0.124)">
          <package appName="UnifiedRoutingPrime" version="1.5.27.155">UnifiedRoutingPrimeAnchor (1.5.27.155)</package>
        </Required>
        <Dependent type="60" displayName="Active Conversation" parentDisplayName="Conversation" id="{5fe86453-73ea-4821-b6dd-ddc06e1755a1}" />
      </MissingDependency>
      <MissingDependency>
        <Required type="2" schemaName="msdyn_customer" displayName="Customer" parentSchemaName="msdyn_ocliveworkitem" parentDisplayName="Conversation" solution="OmnichannelBase (1.10.0.124)">
          <package appName="UnifiedRoutingPrime" version="1.5.27.155">UnifiedRoutingPrimeAnchor (1.5.27.155)</package>
        </Required>
        <Dependent type="60" displayName="Active Conversation" parentDisplayName="Conversation" id="{5fe86453-73ea-4821-b6dd-ddc06e1755a1}" />
      </MissingDependency>
      <MissingDependency>
        <Required type="2" schemaName="msdyn_dispositioncodecontroldata" displayName="Disposition Code Control Field" parentSchemaName="msdyn_ocliveworkitem" parentDisplayName="Conversation" solution="msdyn_ChannelExperienceApp (1.0.25124.1014)">
          <package appName="ChannelExperienceApps" version="1.0.25042.1013">msdyn_ChannelExperienceAppsAnchor (1.0.25042.1013)</package>
          <package appName="Dynamics 365 ChannelExperienceApps" version="1.0.25044.1019">msdyn_ChannelExperienceAppsAnchor (1.0.25044.1019)</package>
        </Required>
        <Dependent type="60" displayName="Active Conversation" parentDisplayName="Conversation" id="{5fe86453-73ea-4821-b6dd-ddc06e1755a1}" />
      </MissingDependency>
      <MissingDependency>
        <Required type="2" schemaName="msdyn_issueid" displayName="Issue" parentSchemaName="msdyn_ocliveworkitem" parentDisplayName="Conversation" solution="OmnichannelPrime (1.10.0.182)">
          <package appName="OmnichannelPrime" version="1.10.0.37">msdyn_ContactCenterEnablement (1.10.0.37)</package>
        </Required>
        <Dependent type="60" displayName="Active Conversation" parentDisplayName="Conversation" id="{5fe86453-73ea-4821-b6dd-ddc06e1755a1}" />
      </MissingDependency>
      <MissingDependency>
        <Required type="2" schemaName="msdyn_startedon" displayName="Started On" parentSchemaName="msdyn_ocliveworkitem" parentDisplayName="Conversation" solution="OmnichannelBase (1.10.0.124)">
          <package appName="UnifiedRoutingPrime" version="1.5.27.155">UnifiedRoutingPrimeAnchor (1.5.27.155)</package>
        </Required>
        <Dependent type="60" displayName="Active Conversation" parentDisplayName="Conversation" id="{5fe86453-73ea-4821-b6dd-ddc06e1755a1}" />
      </MissingDependency>
      <MissingDependency>
        <Required type="2" schemaName="msdyn_timelinecontrolfield" displayName="Timeline Control Field" parentSchemaName="msdyn_ocliveworkitem" parentDisplayName="Conversation" solution="OmnichannelBase (1.10.0.124)">
          <package appName="UnifiedRoutingPrime" version="1.5.27.155">UnifiedRoutingPrimeAnchor (1.5.27.155)</package>
        </Required>
        <Dependent type="60" displayName="Active Conversation" parentDisplayName="Conversation" id="{5fe86453-73ea-4821-b6dd-ddc06e1755a1}" />
      </MissingDependency>
      <MissingDependency>
        <Required type="2" schemaName="subject" displayName="Subject" parentSchemaName="msdyn_ocliveworkitem" parentDisplayName="Conversation" solution="OmnichannelBase (1.10.0.124)">
          <package appName="UnifiedRoutingPrime" version="1.5.27.155">UnifiedRoutingPrimeAnchor (1.5.27.155)</package>
        </Required>
        <Dependent type="60" displayName="Active Conversation" parentDisplayName="Conversation" id="{5fe86453-73ea-4821-b6dd-ddc06e1755a1}" />
      </MissingDependency>
      <MissingDependency>
        <Required type="20" displayName="Teams virtual event organizer" solution="DynamicsMKT_Roles (1.1.60266.0)" id="{f81b26a8-1e9d-4c30-acea-60675c06411e}">
          <package appName="CXP" version="1.1.61220.74">DynamicsMKT_AnchorSolution (1.1.61220.74)</package>
        </Required>
        <Dependent type="80" schemaName="msdyn_CustomerServiceWorkspace" displayName="Customer Service workspace" />
      </MissingDependency>
      <MissingDependency>
        <Required type="20" displayName="Teams Chat Sync App Access" solution="S2SApplicationRoles (1.0.0.117)" id="{fe46802a-88ae-4c6d-b452-7a024d8c294e}">
          <package appName="Microsoft S2SCDSCoreApplication Package" version="1.0.1.29">MicrosoftS2SApplicationIdentitiesCoreTst (1.0.1.29)</package>
        </Required>
        <Dependent type="80" schemaName="msdyn_CustomerServiceWorkspace" displayName="Customer Service workspace" />
      </MissingDependency>
      <MissingDependency>
        <Required type="29" displayName="Deceased Estate Case Flow" solution="Active" id="{426adbcc-6798-f011-b4cc-00224805babe}" />
        <Dependent type="80" schemaName="msdyn_CustomerServiceWorkspace" displayName="Customer Service workspace" />
      </MissingDependency>
      <MissingDependency>
        <Required type="29" displayName="Agreement Business Process" solution="FieldService (8.8.0.88)" id="{baa0a411-a239-410c-b8bd-ed8b5fdd88e3}">
          <package appName="Field Service" version="8.8.136.190">FieldService_Anchor (8.8.136.190)</package>
          <package appName="Dynamics 365 for Field Service" version="8.8.138.61">FieldService_Anchor (8.8.138.61)</package>
        </Required>
        <Dependent type="80" schemaName="msdyn_CustomerServiceWorkspace" displayName="Customer Service workspace" />
      </MissingDependency>
      <MissingDependency>
        <Required type="29" displayName="CBA BB Case demo" solution="Active" id="{ed0ea84f-ff3f-f011-b4ca-00224805babe}" />
        <Dependent type="80" schemaName="msdyn_CustomerServiceWorkspace" displayName="Customer Service workspace" />
      </MissingDependency>
      <MissingDependency>
        <Required type="29" displayName="Case Flow" solution="Active" id="{efba9f43-979e-f011-b41b-6045bd0713c4}" />
        <Dependent type="80" schemaName="msdyn_CustomerServiceWorkspace" displayName="Customer Service workspace" />
      </MissingDependency>
      <MissingDependency>
        <Required type="60" displayName="Customer profile" parentDisplayName="Contact" solution="OmnichannelBase (1.10.0.124)" id="{05ea391a-d034-43fe-849b-b4fa3213a2b2}">
          <package appName="UnifiedRoutingPrime" version="1.5.27.155">UnifiedRoutingPrimeAnchor (1.5.27.155)</package>
        </Required>
        <Dependent type="60" displayName="Active Conversation" parentDisplayName="Conversation" id="{5fe86453-73ea-4821-b6dd-ddc06e1755a1}" />
      </MissingDependency>
      <MissingDependency>
        <Required type="60" displayName="Conversation Form" parentDisplayName="Conversation" solution="OmnichannelBase (1.10.0.124)" id="{136b3800-234b-420c-9d8a-458b61cb2263}">
          <package appName="UnifiedRoutingPrime" version="1.5.27.155">UnifiedRoutingPrimeAnchor (1.5.27.155)</package>
        </Required>
        <Dependent type="60" displayName="Conversation Form" parentDisplayName="Conversation" id="{136b3800-234b-420c-9d8a-458b61cb2263}" />
      </MissingDependency>
      <MissingDependency>
        <Required type="60" displayName="Issue snapshot" parentDisplayName="Case" solution="OmnichannelPrime (1.10.0.182)" id="{185177f7-780e-4897-a60a-32a245841ee9}">
          <package appName="OmnichannelPrime" version="1.10.0.37">msdyn_ContactCenterEnablement (1.10.0.37)</package>
        </Required>
        <Dependent type="60" displayName="Active Conversation" parentDisplayName="Conversation" id="{5fe86453-73ea-4821-b6dd-ddc06e1755a1}" />
      </MissingDependency>
      <MissingDependency>
        <Required type="60" displayName="Cases For Customer" parentDisplayName="Account" solution="OmnichannelPrime (1.10.0.182)" id="{48028ae0-bf87-48c9-adf6-3dc9f29d7661}">
          <package appName="OmnichannelPrime" version="1.10.0.37">msdyn_ContactCenterEnablement (1.10.0.37)</package>
        </Required>
        <Dependent type="60" displayName="Active Conversation" parentDisplayName="Conversation" id="{5fe86453-73ea-4821-b6dd-ddc06e1755a1}" />
      </MissingDependency>
      <MissingDependency>
        <Required type="60" displayName="Cases for Customer" parentDisplayName="Contact" solution="OmnichannelPrime (1.10.0.182)" id="{5194a156-576a-4fa1-bf1a-abf7a41b0e8c}">
          <package appName="OmnichannelPrime" version="1.10.0.37">msdyn_ContactCenterEnablement (1.10.0.37)</package>
        </Required>
        <Dependent type="60" displayName="Active Conversation" parentDisplayName="Conversation" id="{5fe86453-73ea-4821-b6dd-ddc06e1755a1}" />
      </MissingDependency>
      <MissingDependency>
        <Required type="60" displayName="Active Conversation" parentDisplayName="Conversation" solution="OmnichannelBase (1.10.0.124)" id="{5fe86453-73ea-4821-b6dd-ddc06e1755a1}">
          <package appName="UnifiedRoutingPrime" version="1.5.27.155">UnifiedRoutingPrimeAnchor (1.5.27.155)</package>
        </Required>
        <Dependent type="60" displayName="Active Conversation" parentDisplayName="Conversation" id="{5fe86453-73ea-4821-b6dd-ddc06e1755a1}" />
      </MissingDependency>
      <MissingDependency>
        <Required type="60" displayName="Information" parentDisplayName="Conversation" solution="OmnichannelBase (1.10.0.124)" id="{6f43b6e7-8433-4bf5-8a19-0b73d64ea03e}">
          <package appName="UnifiedRoutingPrime" version="1.5.27.155">UnifiedRoutingPrimeAnchor (1.5.27.155)</package>
        </Required>
        <Dependent type="60" displayName="Information" parentDisplayName="Conversation" id="{6f43b6e7-8433-4bf5-8a19-0b73d64ea03e}" />
      </MissingDependency>
      <MissingDependency>
        <Required type="60" displayName="OCStream Form" parentDisplayName="Conversation" solution="OmnichannelBase (1.10.0.124)" id="{d5b197d3-dec8-4e94-9d0b-b3e5aac48a2f}">
          <package appName="UnifiedRoutingPrime" version="1.5.27.155">UnifiedRoutingPrimeAnchor (1.5.27.155)</package>
        </Required>
        <Dependent type="60" displayName="OCStream Form" parentDisplayName="Conversation" id="{d5b197d3-dec8-4e94-9d0b-b3e5aac48a2f}" />
      </MissingDependency>
      <MissingDependency>
        <Required type="60" displayName="Information" parentDisplayName="Conversation" solution="OmnichannelBase (1.10.0.124)" id="{db0d8352-ded9-4ae6-89fa-42ae949e7bf5}">
          <package appName="UnifiedRoutingPrime" version="1.5.27.155">UnifiedRoutingPrimeAnchor (1.5.27.155)</package>
        </Required>
        <Dependent type="60" displayName="Information" parentDisplayName="Conversation" id="{db0d8352-ded9-4ae6-89fa-42ae949e7bf5}" />
      </MissingDependency>
      <MissingDependency>
        <Required type="60" displayName="Customer profile" parentDisplayName="Account" solution="OmnichannelBase (1.10.0.124)" id="{e9a9c8a9-e94d-47a9-a6c3-ec37ddb83b99}">
          <package appName="UnifiedRoutingPrime" version="1.5.27.155">UnifiedRoutingPrimeAnchor (1.5.27.155)</package>
        </Required>
        <Dependent type="60" displayName="Active Conversation" parentDisplayName="Conversation" id="{5fe86453-73ea-4821-b6dd-ddc06e1755a1}" />
      </MissingDependency>
      <MissingDependency>
        <Required type="61" schemaName="msdyn_customersummaryscripts.js" displayName="msdyn_customersummaryscripts.js" solution="OmnichannelBase (1.10.0.124)">
          <package appName="UnifiedRoutingPrime" version="1.5.27.155">UnifiedRoutingPrimeAnchor (1.5.27.155)</package>
        </Required>
        <Dependent type="60" displayName="Active Conversation" parentDisplayName="Conversation" id="{5fe86453-73ea-4821-b6dd-ddc06e1755a1}" />
      </MissingDependency>
      <MissingDependency>
        <Required type="61" schemaName="msdyn_kbsearchpagehost.html" displayName="msdyn_kbsearchpagehost.html" solution="OmnichannelBase (1.10.0.124)">
          <package appName="UnifiedRoutingPrime" version="1.5.27.155">UnifiedRoutingPrimeAnchor (1.5.27.155)</package>
        </Required>
        <Dependent type="60" displayName="Active Conversation" parentDisplayName="Conversation" id="{5fe86453-73ea-4821-b6dd-ddc06e1755a1}" />
      </MissingDependency>
      <MissingDependency>
        <Required type="61" schemaName="msdyn_Loadkbsearch.js" displayName="msdyn_Loadkbsearch.js" solution="OmnichannelBase (1.10.0.124)">
          <package appName="UnifiedRoutingPrime" version="1.5.27.155">UnifiedRoutingPrimeAnchor (1.5.27.155)</package>
        </Required>
        <Dependent type="60" displayName="Active Conversation" parentDisplayName="Conversation" id="{5fe86453-73ea-4821-b6dd-ddc06e1755a1}" />
      </MissingDependency>
      <MissingDependency>
        <Required type="61" schemaName="msdyn_ocliveworkitemicon" displayName="msdyn_ocliveworkitemicon" solution="OmnichannelBase (1.10.0.124)">
          <package appName="UnifiedRoutingPrime" version="1.5.27.155">UnifiedRoutingPrimeAnchor (1.5.27.155)</package>
        </Required>
        <Dependent type="1" schemaName="msdyn_ocliveworkitem" displayName="Conversation" />
      </MissingDependency>
      <MissingDependency>
        <Required type="61" schemaName="msdynce_CustomerServiceHub/_imgs/AppIcon/CustomerServiceHubIcon.svg" displayName="msdynce_CustomerServiceHub/_imgs/AppIcon/CustomerServiceHubIcon.svg" solution="msdynce_Customerservicehub (9.0.5.0056)">
          <package appName="msdynce_Service" version="9.0.25124.1002">msdynce_ServiceAnchor (9.0.25124.1002)</package>
        </Required>
        <Dependent type="80" schemaName="msdyn_CustomerServiceWorkspace" displayName="Customer Service workspace" />
      </MissingDependency>
      <MissingDependency>
        <Required type="62" schemaName="msdyn_CustomerServiceWorkspace" solution="msdyn_CustomerServiceWorkspace (9.0.25124.2001)">
          <package appName="ServiceExtended" version="9.0.25124.2012">msdyn_ServiceExtendedAnchor (9.0.25124.2012)</package>
        </Required>
        <Dependent type="80" schemaName="msdyn_CustomerServiceWorkspace" displayName="Customer Service workspace" />
      </MissingDependency>
      <MissingDependency>
        <Required type="66" schemaName="cat_PowerCAT.Picker" displayName="cat_PowerCAT.Picker" solution="CreatorKitCore (1.0.20240529.1)" />
        <Dependent type="300" schemaName="ccaasfde_dispositionrecommendation_d051d" displayName="Disposition Recommendation" />
      </MissingDependency>
      <MissingDependency>
        <Required type="66" schemaName="MscrmControls.ConversationSummaryControl.ConversationSummaryControl" displayName="MscrmControls.ConversationSummaryControl.ConversationSummaryControl" solution="OmnichannelBase (1.10.0.124)">
          <package appName="UnifiedRoutingPrime" version="1.5.27.155">UnifiedRoutingPrimeAnchor (1.5.27.155)</package>
        </Required>
        <Dependent type="60" displayName="Active Conversation" parentDisplayName="Conversation" id="{5fe86453-73ea-4821-b6dd-ddc06e1755a1}" />
      </MissingDependency>
      <MissingDependency>
        <Required type="66" schemaName="MscrmControls.FormInitiator.FormInitiatorControl" displayName="MscrmControls.FormInitiator.FormInitiatorControl" solution="OmnichannelBase (1.10.0.124)">
          <package appName="UnifiedRoutingPrime" version="1.5.27.155">UnifiedRoutingPrimeAnchor (1.5.27.155)</package>
        </Required>
        <Dependent type="60" displayName="Active Conversation" parentDisplayName="Conversation" id="{5fe86453-73ea-4821-b6dd-ddc06e1755a1}" />
      </MissingDependency>
      <MissingDependency>
        <Required type="66" schemaName="MscrmControls.ModelForm.ModelFormControl" displayName="MscrmControls.ModelForm.ModelFormControl" solution="BaseCustomControlsCore (9.0.2601.2001)">
          <package appName="Base Custom Controls" version="9.0.2601.2001">BaseCustomControlsCore (9.0.2601.2001)</package>
        </Required>
        <Dependent type="60" displayName="Active Conversation" parentDisplayName="Conversation" id="{5fe86453-73ea-4821-b6dd-ddc06e1755a1}" />
      </MissingDependency>
      <MissingDependency>
        <Required type="66" schemaName="MscrmControls.OCDispositionCode.OCDispositionCodeControl" displayName="MscrmControls.OCDispositionCode.OCDispositionCodeControl" solution="msdyn_ChannelExperienceControls (1.0.25124.1014)">
          <package appName="ChannelExperienceApps" version="1.0.25042.1013">msdyn_ChannelExperienceAppsAnchor (1.0.25042.1013)</package>
          <package appName="Dynamics 365 ChannelExperienceApps" version="1.0.25044.1019">msdyn_ChannelExperienceAppsAnchor (1.0.25044.1019)</package>
        </Required>
        <Dependent type="60" displayName="Active Conversation" parentDisplayName="Conversation" id="{5fe86453-73ea-4821-b6dd-ddc06e1755a1}" />
      </MissingDependency>
      <MissingDependency>
        <Required type="66" schemaName="MscrmControls.OCProactiveEngagement.OCProactiveEngagementControl" displayName="MscrmControls.OCProactiveEngagement.OCProactiveEngagementControl" solution="msdyn_ChannelExperienceControls (1.0.25124.1014)">
          <package appName="ChannelExperienceApps" version="1.0.25042.1013">msdyn_ChannelExperienceAppsAnchor (1.0.25042.1013)</package>
          <package appName="Dynamics 365 ChannelExperienceApps" version="1.0.25044.1019">msdyn_ChannelExperienceAppsAnchor (1.0.25044.1019)</package>
        </Required>
        <Dependent type="60" displayName="Active Conversation" parentDisplayName="Conversation" id="{5fe86453-73ea-4821-b6dd-ddc06e1755a1}" />
      </MissingDependency>
      <MissingDependency>
        <Required type="66" schemaName="MscrmControls.OCSessionTimeLine.OCSessionTimeLineControl" displayName="MscrmControls.OCSessionTimeLine.OCSessionTimeLineControl" solution="OmnichannelBase (1.10.0.124)">
          <package appName="UnifiedRoutingPrime" version="1.5.27.155">UnifiedRoutingPrimeAnchor (1.5.27.155)</package>
        </Required>
        <Dependent type="60" displayName="Active Conversation" parentDisplayName="Conversation" id="{5fe86453-73ea-4821-b6dd-ddc06e1755a1}" />
      </MissingDependency>
      <MissingDependency>
        <Required type="80" schemaName="msdyn_CustomerServiceWorkspace" displayName="Customer Service workspace" solution="msdyn_CustomerServiceWorkspace (9.0.25124.2001)">
          <package appName="ServiceExtended" version="9.0.25124.2012">msdyn_ServiceExtendedAnchor (9.0.25124.2012)</package>
        </Required>
        <Dependent type="80" schemaName="msdyn_CustomerServiceWorkspace" displayName="Customer Service workspace" />
      </MissingDependency>
      <MissingDependency>
        <Required type="SettingDefinition" displayName="msdyn_enablertecopilot" solution="msdyn_SalesCopilot (9.1.26012.10001)" id.uniquename="msdyn_enablertecopilot">
          <package appName="msdynce_Sales" version="9.0.26012.10002">msdynce_SalesAnchor (9.0.26012.10002)</package>
        </Required>
        <Dependent type="AppSetting" displayName="parentappmoduleid.uniquename=msdyn_CustomerServiceWorkspace,settingdefinitionid.uniquename=msdyn_enablertecopilot" id.parentappmoduleid.uniquename="msdyn_CustomerServiceWorkspace" id.settingdefinitionid.uniquename="msdyn_enablertecopilot" />
      </MissingDependency>
      <MissingDependency>
        <Required type="SettingDefinition" displayName="msdyn_rtecopilotdefaultonruncompleted" solution="msdyn_CSIntelligence (9.2.25124.1036)" id.uniquename="msdyn_rtecopilotdefaultonruncompleted">
          <package appName="Service Intelligence Package" version="9.2.25042.1040">msdyn_ServiceIntelligenceAnchor (9.2.25042.1040)</package>
          <package appName="Dynamics 365 Customer Service Intelligence" version="9.2.25044.1031">msdyn_ServiceIntelligenceAnchor (9.2.25044.1031)</package>
        </Required>
        <Dependent type="AppSetting" displayName="parentappmoduleid.uniquename=msdyn_CustomerServiceWorkspace,settingdefinitionid.uniquename=msdyn_rtecopilotdefaultonruncompleted" id.parentappmoduleid.uniquename="msdyn_CustomerServiceWorkspace" id.settingdefinitionid.uniquename="msdyn_rtecopilotdefaultonruncompleted" />
      </MissingDependency>
    </MissingDependencies>
  </SolutionManifest>
</ImportExportXml>